[
  {
    "key": "fr:anjou-villages-brissac",
    "name": "Anjou-Villages Brissac"
  },
  {
    "key": "fr:beaujolais-villages",
    "name": "Beaujolais Villages"
  },
  {
    "key": "fr:cote-de-beaune-villages",
    "name": "Côte de Beaune-Villages"
  },
  {
    "key": "fr:cote-de-nuits-villages",
    "name": "Côte de Nuits-villages"
  },
  {
    "key": "fr:cotes-du-rhone-villages",
    "name": "Côtes du Rhône Villages"
  },
  {
    "key": "fr:cotes-du-roussillon-villages",
    "name": "Côtes du Roussillon Villages"
  },
  {
    "key": "fr:fixin-premier-cru-le-village",
    "name": "Fixin premier cru Le Village"
  },
  {
    "key": "fr:macon-villages",
    "name": "Mâcon Villages"
  },
  {
    "key": "fr:monthelie-premier-cru-le-village",
    "name": "Monthelie premier cru Le Village"
  },
  {
    "key": "fr:morey-saint-denis-premier-cru-le-village",
    "name": "Morey-Saint-Denis premier cru Le Village"
  },
  {
    "key": "fr:morey-saint-denis-premier-cru-le-village-blanc",
    "name": "Morey-Saint-Denis premier cru Le Village blanc"
  },
  {
    "key": "fr:morey-saint-denis-premier-cru-le-village-rouge",
    "name": "Morey-Saint-Denis premier cru Le Village rouge"
  },
  {
    "key": "fr:pernand-vergelesses-premier-cru-village-de-pernand",
    "name": "Pernand-Vergelesses premier cru Village de Pernand"
  },
  {
    "key": "fr:pernand-vergelesses-premier-cru-village-de-pernand-blanc",
    "name": "Pernand-Vergelesses premier cru Village de Pernand blanc"
  },
  {
    "key": "fr:pommard-le-village",
    "name": "Pommard Le Village"
  },
  {
    "key": "fr:saint-aubin-premier-cru-village",
    "name": "Saint-Aubin premier cru Village"
  },
  {
    "key": "fr:saint-aubin-premier-cru-village-blanc",
    "name": "Saint-Aubin premier cru Village blanc"
  },
  {
    "key": "fr:saint-aubin-premier-cru-village-rouge",
    "name": "Saint-Aubin premier cru Village rouge"
  },
  {
    "key": "fr:volnay-premier-cru-le-village",
    "name": "Volnay premier cru Le Village"
  }
]