[
  {
    "id": "en:afghanistan",
    "label": "Afghanistan",
    "languageCode": "en",
    "countryCode": "AF"
  },
  {
    "id": "en:aland-islands",
    "label": "Åland Islands",
    "languageCode": "en",
    "countryCode": "AX"
  },
  {
    "id": "en:albania",
    "label": "Albania",
    "languageCode": "en",
    "countryCode": "AL"
  },
  {
    "id": "en:alderney",
    "label": "Alderney",
    "languageCode": "en"
  },
  {
    "id": "en:algeria",
    "label": "Algeria",
    "languageCode": "en",
    "countryCode": "DZ"
  },
  {
    "id": "en:american-samoa",
    "label": "American Samoa",
    "languageCode": "en",
    "countryCode": "AS"
  },
  {
    "id": "en:andorra",
    "label": "Andorra",
    "languageCode": "en",
    "countryCode": "AD"
  },
  {
    "id": "en:angola",
    "label": "Angola",
    "languageCode": "en",
    "countryCode": "AO"
  },
  {
    "id": "en:anguilla",
    "label": "Anguilla",
    "languageCode": "en",
    "countryCode": "AI"
  },
  {
    "id": "en:antarctic",
    "label": "Antarctic",
    "languageCode": "en",
    "countryCode": "AQ"
  },
  {
    "id": "en:antarctica",
    "label": "Antarctica",
    "languageCode": "en"
  },
  {
    "id": "en:antigua-and-barbuda",
    "label": "Antigua and Barbuda",
    "languageCode": "en",
    "countryCode": "AG"
  },
  {
    "id": "en:argentina",
    "label": "Argentina",
    "languageCode": "en",
    "countryCode": "AR"
  },
  {
    "id": "en:armenia",
    "label": "Armenia",
    "languageCode": "en",
    "countryCode": "AM"
  },
  {
    "id": "en:aruba",
    "label": "Aruba",
    "languageCode": "en",
    "countryCode": "AW"
  },
  {
    "id": "en:ascension-island",
    "label": "Ascension Island",
    "languageCode": "en"
  },
  {
    "id": "en:australia",
    "label": "Australia",
    "languageCode": "en",
    "countryCode": "AU"
  },
  {
    "id": "en:austria",
    "label": "Austria",
    "languageCode": "en",
    "countryCode": "AT"
  },
  {
    "id": "en:azerbaijan",
    "label": "Azerbaijan",
    "languageCode": "en",
    "countryCode": "AZ"
  },
  {
    "id": "en:bahrain",
    "label": "Bahrain",
    "languageCode": "en",
    "countryCode": "BH"
  },
  {
    "id": "en:bangladesh",
    "label": "Bangladesh",
    "languageCode": "en",
    "countryCode": "BD"
  },
  {
    "id": "en:barbados",
    "label": "Barbados",
    "languageCode": "en",
    "countryCode": "BB"
  },
  {
    "id": "en:belarus",
    "label": "Belarus",
    "languageCode": "en",
    "countryCode": "BY"
  },
  {
    "id": "en:belgium",
    "label": "Belgium",
    "languageCode": "en",
    "countryCode": "BE"
  },
  {
    "id": "en:belize",
    "label": "Belize",
    "languageCode": "en",
    "countryCode": "BZ"
  },
  {
    "id": "en:benin",
    "label": "Benin",
    "languageCode": "en",
    "countryCode": "BJ"
  },
  {
    "id": "en:bermuda",
    "label": "Bermuda",
    "languageCode": "en",
    "countryCode": "BM"
  },
  {
    "id": "en:bhutan",
    "label": "Bhutan",
    "languageCode": "en",
    "countryCode": "BT"
  },
  {
    "id": "en:bolivia",
    "label": "Bolivia",
    "languageCode": "en",
    "countryCode": "BO"
  },
  {
    "id": "en:bonaire",
    "label": "Bonaire",
    "languageCode": "en"
  },
  {
    "id": "en:bosnia-and-herzegovina",
    "label": "Bosnia and Herzegovina",
    "languageCode": "en",
    "countryCode": "BA"
  },
  {
    "id": "en:botswana",
    "label": "Botswana",
    "languageCode": "en",
    "countryCode": "BW"
  },
  {
    "id": "en:bouvet-island",
    "label": "Bouvet Island",
    "languageCode": "en",
    "countryCode": "BV"
  },
  {
    "id": "en:brazil",
    "label": "Brazil",
    "languageCode": "en",
    "countryCode": "BR"
  },
  {
    "id": "en:british-indian-ocean-territory",
    "label": "British Indian Ocean Territory",
    "languageCode": "en",
    "countryCode": "IO"
  },
  {
    "id": "en:british-virgin-islands",
    "label": "British Virgin Islands",
    "languageCode": "en",
    "countryCode": "VG"
  },
  {
    "id": "en:brunei",
    "label": "Brunei",
    "languageCode": "en",
    "countryCode": "BN"
  },
  {
    "id": "en:bulgaria",
    "label": "Bulgaria",
    "languageCode": "en",
    "countryCode": "BG"
  },
  {
    "id": "en:burkina-faso",
    "label": "Burkina Faso",
    "languageCode": "en",
    "countryCode": "BF"
  },
  {
    "id": "en:burundi",
    "label": "Burundi",
    "languageCode": "en",
    "countryCode": "BI"
  },
  {
    "id": "en:cambodia",
    "label": "Cambodia",
    "languageCode": "en",
    "countryCode": "KH"
  },
  {
    "id": "en:cameroon",
    "label": "Cameroon",
    "languageCode": "en",
    "countryCode": "CM"
  },
  {
    "id": "en:canada",
    "label": "Canada",
    "languageCode": "en",
    "countryCode": "CA"
  },
  {
    "id": "en:cape-verde",
    "label": "Cape Verde",
    "languageCode": "en",
    "countryCode": "CV"
  },
  {
    "id": "en:caribbean-netherlands",
    "label": "Caribbean Netherlands",
    "languageCode": "en",
    "countryCode": "BQ"
  },
  {
    "id": "en:cayman-islands",
    "label": "Cayman Islands",
    "languageCode": "en",
    "countryCode": "KY"
  },
  {
    "id": "en:central-african-republic",
    "label": "Central African Republic",
    "languageCode": "en",
    "countryCode": "CF"
  },
  {
    "id": "en:chad",
    "label": "Chad",
    "languageCode": "en",
    "countryCode": "TD"
  },
  {
    "id": "en:chile",
    "label": "Chile",
    "languageCode": "en",
    "countryCode": "CL"
  },
  {
    "id": "en:china",
    "label": "China",
    "languageCode": "en",
    "countryCode": "CN"
  },
  {
    "id": "en:christmas-island",
    "label": "Christmas Island",
    "languageCode": "en",
    "countryCode": "CX"
  },
  {
    "id": "en:cocos-keeling-islands",
    "label": "Cocos (Keeling) Islands",
    "languageCode": "en",
    "countryCode": "CC"
  },
  {
    "id": "en:colombia",
    "label": "Colombia",
    "languageCode": "en",
    "countryCode": "CO"
  },
  {
    "id": "en:comoros",
    "label": "Comoros",
    "languageCode": "en",
    "countryCode": "KM"
  },
  {
    "id": "en:cook-islands",
    "label": "Cook Islands",
    "languageCode": "en",
    "countryCode": "CK"
  },
  {
    "id": "en:costa-rica",
    "label": "Costa Rica",
    "languageCode": "en",
    "countryCode": "CR"
  },
  {
    "id": "en:cote-d-ivoire",
    "label": "Côte d'Ivoire",
    "languageCode": "en",
    "countryCode": "CI"
  },
  {
    "id": "en:croatia",
    "label": "Croatia",
    "languageCode": "en",
    "countryCode": "HR"
  },
  {
    "id": "en:cuba",
    "label": "Cuba",
    "languageCode": "en",
    "countryCode": "CU"
  },
  {
    "id": "en:curacao",
    "label": "Curaçao",
    "languageCode": "en",
    "countryCode": "CW"
  },
  {
    "id": "en:cyprus",
    "label": "Cyprus",
    "languageCode": "en",
    "countryCode": "CY"
  },
  {
    "id": "en:czech-republic",
    "label": "Czech Republic",
    "languageCode": "en",
    "countryCode": "CZ"
  },
  {
    "id": "en:democratic-republic-of-the-congo",
    "label": "Democratic Republic of the Congo",
    "languageCode": "en",
    "countryCode": "CD"
  },
  {
    "id": "en:denmark",
    "label": "Denmark",
    "languageCode": "en",
    "countryCode": "DK"
  },
  {
    "id": "en:djibouti",
    "label": "Djibouti",
    "languageCode": "en",
    "countryCode": "DJ"
  },
  {
    "id": "en:dominica",
    "label": "Dominica",
    "languageCode": "en",
    "countryCode": "DM"
  },
  {
    "id": "en:dominican-republic",
    "label": "Dominican Republic",
    "languageCode": "en",
    "countryCode": "DO"
  },
  {
    "id": "en:east-germany",
    "label": "East Germany",
    "languageCode": "en"
  },
  {
    "id": "en:ecuador",
    "label": "Ecuador",
    "languageCode": "en",
    "countryCode": "EC"
  },
  {
    "id": "en:egypt",
    "label": "Egypt",
    "languageCode": "en",
    "countryCode": "EG"
  },
  {
    "id": "en:el-salvador",
    "label": "El Salvador",
    "languageCode": "en",
    "countryCode": "SV"
  },
  {
    "id": "en:equatorial-guinea",
    "label": "Equatorial Guinea",
    "languageCode": "en",
    "countryCode": "GQ"
  },
  {
    "id": "en:eritrea",
    "label": "Eritrea",
    "languageCode": "en",
    "countryCode": "ER"
  },
  {
    "id": "en:estonia",
    "label": "Estonia",
    "languageCode": "en",
    "countryCode": "EE"
  },
  {
    "id": "en:ethiopia",
    "label": "Ethiopia",
    "languageCode": "en",
    "countryCode": "ET"
  },
  {
    "id": "en:european-union",
    "label": "European Union",
    "languageCode": "en"
  },
  {
    "id": "en:falkland-islands",
    "label": "Falkland Islands",
    "languageCode": "en",
    "countryCode": "FK"
  },
  {
    "id": "en:faroe-islands",
    "label": "Faroe Islands",
    "languageCode": "en",
    "countryCode": "FO"
  },
  {
    "id": "en:federated-states-of-micronesia",
    "label": "Federated States of Micronesia",
    "languageCode": "en",
    "countryCode": "FM"
  },
  {
    "id": "en:fiji",
    "label": "Fiji",
    "languageCode": "en",
    "countryCode": "FJ"
  },
  {
    "id": "en:finland",
    "label": "Finland",
    "languageCode": "en",
    "countryCode": "FI"
  },
  {
    "id": "en:france",
    "label": "France",
    "languageCode": "en",
    "countryCode": "FR"
  },
  {
    "id": "en:french-guiana",
    "label": "French Guiana",
    "languageCode": "en",
    "countryCode": "GF"
  },
  {
    "id": "en:french-polynesia",
    "label": "French Polynesia",
    "languageCode": "en",
    "countryCode": "PF"
  },
  {
    "id": "en:french-southern-and-antarctic-lands",
    "label": "French Southern and Antarctic Lands",
    "languageCode": "en",
    "countryCode": "TF"
  },
  {
    "id": "en:gabon",
    "label": "Gabon",
    "languageCode": "en",
    "countryCode": "GA"
  },
  {
    "id": "en:galmudug",
    "label": "Galmudug",
    "languageCode": "en"
  },
  {
    "id": "en:gambia",
    "label": "Gambia",
    "languageCode": "en",
    "countryCode": "GM"
  },
  {
    "id": "en:georgia",
    "label": "Georgia",
    "languageCode": "en",
    "countryCode": "GE"
  },
  {
    "id": "en:germany",
    "label": "Germany",
    "languageCode": "en",
    "countryCode": "DE"
  },
  {
    "id": "en:ghana",
    "label": "Ghana",
    "languageCode": "en",
    "countryCode": "GH"
  },
  {
    "id": "en:gibraltar",
    "label": "Gibraltar",
    "languageCode": "en",
    "countryCode": "GI"
  },
  {
    "id": "en:greece",
    "label": "Greece",
    "languageCode": "en",
    "countryCode": "GR"
  },
  {
    "id": "en:greenland",
    "label": "Greenland",
    "languageCode": "en",
    "countryCode": "GL"
  },
  {
    "id": "en:grenada",
    "label": "Grenada",
    "languageCode": "en",
    "countryCode": "GD"
  },
  {
    "id": "en:guadeloupe",
    "label": "Guadeloupe",
    "languageCode": "en",
    "countryCode": "GP"
  },
  {
    "id": "en:guam",
    "label": "Guam",
    "languageCode": "en",
    "countryCode": "GU"
  },
  {
    "id": "en:guatemala",
    "label": "Guatemala",
    "languageCode": "en",
    "countryCode": "GT"
  },
  {
    "id": "en:guernsey",
    "label": "Guernsey",
    "languageCode": "en",
    "countryCode": "GG"
  },
  {
    "id": "en:guinea",
    "label": "Guinea",
    "languageCode": "en",
    "countryCode": "GN"
  },
  {
    "id": "en:guinea-bissau",
    "label": "Guinea-Bissau",
    "languageCode": "en",
    "countryCode": "GW"
  },
  {
    "id": "en:guyana",
    "label": "Guyana",
    "languageCode": "en",
    "countryCode": "GY"
  },
  {
    "id": "en:haiti",
    "label": "Haiti",
    "languageCode": "en",
    "countryCode": "HT"
  },
  {
    "id": "en:heard-island-and-mcdonald-islands",
    "label": "Heard Island and McDonald Islands",
    "languageCode": "en",
    "countryCode": "HM"
  },
  {
    "id": "en:honduras",
    "label": "Honduras",
    "languageCode": "en",
    "countryCode": "HN"
  },
  {
    "id": "en:hong-kong",
    "label": "Hong Kong",
    "languageCode": "en",
    "countryCode": "HK"
  },
  {
    "id": "en:hungary",
    "label": "Hungary",
    "languageCode": "en",
    "countryCode": "HU"
  },
  {
    "id": "en:iceland",
    "label": "Iceland",
    "languageCode": "en",
    "countryCode": "IS"
  },
  {
    "id": "en:india",
    "label": "India",
    "languageCode": "en",
    "countryCode": "IN"
  },
  {
    "id": "en:indonesia",
    "label": "Indonesia",
    "languageCode": "en",
    "countryCode": "ID"
  },
  {
    "id": "en:iran",
    "label": "Iran",
    "languageCode": "en",
    "countryCode": "IR"
  },
  {
    "id": "en:iraq",
    "label": "Iraq",
    "languageCode": "en",
    "countryCode": "IQ"
  },
  {
    "id": "en:iraqi-kurdistan",
    "label": "Iraqi Kurdistan",
    "languageCode": "en"
  },
  {
    "id": "en:ireland",
    "label": "Ireland",
    "languageCode": "en",
    "countryCode": "IE"
  },
  {
    "id": "en:isle-of-man",
    "label": "Isle of Man",
    "languageCode": "en",
    "countryCode": "IM"
  },
  {
    "id": "en:israel",
    "label": "Israel",
    "languageCode": "en",
    "countryCode": "IL"
  },
  {
    "id": "en:italy",
    "label": "Italy",
    "languageCode": "en",
    "countryCode": "IT"
  },
  {
    "id": "en:jamaica",
    "label": "Jamaica",
    "languageCode": "en",
    "countryCode": "JM"
  },
  {
    "id": "en:jan-mayen",
    "label": "Jan Mayen",
    "languageCode": "en"
  },
  {
    "id": "en:japan",
    "label": "Japan",
    "languageCode": "en",
    "countryCode": "JP"
  },
  {
    "id": "en:jersey",
    "label": "Jersey",
    "languageCode": "en",
    "countryCode": "JE"
  },
  {
    "id": "en:jordan",
    "label": "Jordan",
    "languageCode": "en",
    "countryCode": "JO"
  },
  {
    "id": "en:kazakhstan",
    "label": "Kazakhstan",
    "languageCode": "en",
    "countryCode": "KZ"
  },
  {
    "id": "en:kenya",
    "label": "Kenya",
    "languageCode": "en",
    "countryCode": "KE"
  },
  {
    "id": "en:kiribati",
    "label": "Kiribati",
    "languageCode": "en",
    "countryCode": "KI"
  },
  {
    "id": "en:kosovo",
    "label": "Kosovo",
    "languageCode": "en",
    "countryCode": "XK"
  },
  {
    "id": "en:kuwait",
    "label": "Kuwait",
    "languageCode": "en",
    "countryCode": "KW"
  },
  {
    "id": "en:kyrgyzstan",
    "label": "Kyrgyzstan",
    "languageCode": "en",
    "countryCode": "KG"
  },
  {
    "id": "en:laos",
    "label": "Laos",
    "languageCode": "en",
    "countryCode": "LA"
  },
  {
    "id": "en:latvia",
    "label": "Latvia",
    "languageCode": "en",
    "countryCode": "LV"
  },
  {
    "id": "en:lebanon",
    "label": "Lebanon",
    "languageCode": "en",
    "countryCode": "LB"
  },
  {
    "id": "en:lesotho",
    "label": "Lesotho",
    "languageCode": "en",
    "countryCode": "LS"
  },
  {
    "id": "en:liberia",
    "label": "Liberia",
    "languageCode": "en",
    "countryCode": "LR"
  },
  {
    "id": "en:libya",
    "label": "Libya",
    "languageCode": "en",
    "countryCode": "LY"
  },
  {
    "id": "en:liechtenstein",
    "label": "Liechtenstein",
    "languageCode": "en",
    "countryCode": "LI"
  },
  {
    "id": "en:lithuania",
    "label": "Lithuania",
    "languageCode": "en",
    "countryCode": "LT"
  },
  {
    "id": "en:luxembourg",
    "label": "Luxembourg",
    "languageCode": "en",
    "countryCode": "LU"
  },
  {
    "id": "en:macau",
    "label": "Macau",
    "languageCode": "en",
    "countryCode": "MO"
  },
  {
    "id": "en:madagascar",
    "label": "Madagascar",
    "languageCode": "en",
    "countryCode": "MG"
  },
  {
    "id": "en:malawi",
    "label": "Malawi",
    "languageCode": "en",
    "countryCode": "MW"
  },
  {
    "id": "en:malaysia",
    "label": "Malaysia",
    "languageCode": "en",
    "countryCode": "MY"
  },
  {
    "id": "en:maldives",
    "label": "Maldives",
    "languageCode": "en",
    "countryCode": "MV"
  },
  {
    "id": "en:mali",
    "label": "Mali",
    "languageCode": "en",
    "countryCode": "ML"
  },
  {
    "id": "en:malta",
    "label": "Malta",
    "languageCode": "en",
    "countryCode": "MT"
  },
  {
    "id": "en:marshall-islands",
    "label": "Marshall Islands",
    "languageCode": "en",
    "countryCode": "MH"
  },
  {
    "id": "en:martinique",
    "label": "Martinique",
    "languageCode": "en",
    "countryCode": "MQ"
  },
  {
    "id": "en:mauritania",
    "label": "Mauritania",
    "languageCode": "en",
    "countryCode": "MR"
  },
  {
    "id": "en:mauritius",
    "label": "Mauritius",
    "languageCode": "en",
    "countryCode": "MU"
  },
  {
    "id": "en:mayotte",
    "label": "Mayotte",
    "languageCode": "en",
    "countryCode": "YT"
  },
  {
    "id": "en:mexico",
    "label": "Mexico",
    "languageCode": "en",
    "countryCode": "MX"
  },
  {
    "id": "en:moldova",
    "label": "Moldova",
    "languageCode": "en",
    "countryCode": "MD"
  },
  {
    "id": "en:monaco",
    "label": "Monaco",
    "languageCode": "en",
    "countryCode": "MC"
  },
  {
    "id": "en:mongolia",
    "label": "Mongolia",
    "languageCode": "en",
    "countryCode": "MN"
  },
  {
    "id": "en:montenegro",
    "label": "Montenegro",
    "languageCode": "en",
    "countryCode": "ME"
  },
  {
    "id": "en:montserrat",
    "label": "Montserrat",
    "languageCode": "en",
    "countryCode": "MS"
  },
  {
    "id": "en:morocco",
    "label": "Morocco",
    "languageCode": "en",
    "countryCode": "MA"
  },
  {
    "id": "en:mozambique",
    "label": "Mozambique",
    "languageCode": "en",
    "countryCode": "MZ"
  },
  {
    "id": "en:myanmar",
    "label": "Myanmar",
    "languageCode": "en",
    "countryCode": "MM"
  },
  {
    "id": "en:nakhchivan-autonomous-republic",
    "label": "Nakhchivan Autonomous Republic",
    "languageCode": "en"
  },
  {
    "id": "en:namibia",
    "label": "Namibia",
    "languageCode": "en",
    "countryCode": "NA"
  },
  {
    "id": "en:nauru",
    "label": "Nauru",
    "languageCode": "en",
    "countryCode": "NR"
  },
  {
    "id": "en:nepal",
    "label": "Nepal",
    "languageCode": "en",
    "countryCode": "NP"
  },
  {
    "id": "en:netherlands",
    "label": "Netherlands",
    "languageCode": "en",
    "countryCode": "NL"
  },
  {
    "id": "en:new-caledonia",
    "label": "New Caledonia",
    "languageCode": "en",
    "countryCode": "NC"
  },
  {
    "id": "en:new-zealand",
    "label": "New Zealand",
    "languageCode": "en",
    "countryCode": "NZ"
  },
  {
    "id": "en:nicaragua",
    "label": "Nicaragua",
    "languageCode": "en",
    "countryCode": "NI"
  },
  {
    "id": "en:niger",
    "label": "Niger",
    "languageCode": "en",
    "countryCode": "NE"
  },
  {
    "id": "en:nigeria",
    "label": "Nigeria",
    "languageCode": "en",
    "countryCode": "NG"
  },
  {
    "id": "en:niue",
    "label": "Niue",
    "languageCode": "en",
    "countryCode": "NU"
  },
  {
    "id": "en:norfolk-island",
    "label": "Norfolk Island",
    "languageCode": "en",
    "countryCode": "NF"
  },
  {
    "id": "en:north-korea",
    "label": "North Korea",
    "languageCode": "en",
    "countryCode": "KP"
  },
  {
    "id": "en:north-macedonia",
    "label": "North Macedonia",
    "languageCode": "en",
    "countryCode": "MK"
  },
  {
    "id": "en:northern-mariana-islands",
    "label": "Northern Mariana Islands",
    "languageCode": "en",
    "countryCode": "MP"
  },
  {
    "id": "en:northland-state",
    "label": "Northland State",
    "languageCode": "en"
  },
  {
    "id": "en:norway",
    "label": "Norway",
    "languageCode": "en",
    "countryCode": "NO"
  },
  {
    "id": "en:oman",
    "label": "Oman",
    "languageCode": "en",
    "countryCode": "OM"
  },
  {
    "id": "en:pakistan",
    "label": "Pakistan",
    "languageCode": "en",
    "countryCode": "PK"
  },
  {
    "id": "en:palau",
    "label": "Palau",
    "languageCode": "en",
    "countryCode": "PW"
  },
  {
    "id": "en:palestinian-territories",
    "label": "Palestinian territories",
    "languageCode": "en"
  },
  {
    "id": "en:panama",
    "label": "Panama",
    "languageCode": "en",
    "countryCode": "PA"
  },
  {
    "id": "en:papua-new-guinea",
    "label": "Papua New Guinea",
    "languageCode": "en",
    "countryCode": "PG"
  },
  {
    "id": "en:paraguay",
    "label": "Paraguay",
    "languageCode": "en",
    "countryCode": "PY"
  },
  {
    "id": "en:peru",
    "label": "Peru",
    "languageCode": "en",
    "countryCode": "PE"
  },
  {
    "id": "en:philippines",
    "label": "Philippines",
    "languageCode": "en",
    "countryCode": "PH"
  },
  {
    "id": "en:pitcairn",
    "label": "Pitcairn",
    "languageCode": "en",
    "countryCode": "PN"
  },
  {
    "id": "en:poland",
    "label": "Poland",
    "languageCode": "en",
    "countryCode": "PL"
  },
  {
    "id": "en:portugal",
    "label": "Portugal",
    "languageCode": "en",
    "countryCode": "PT"
  },
  {
    "id": "en:puerto-rico",
    "label": "Puerto Rico",
    "languageCode": "en",
    "countryCode": "PR"
  },
  {
    "id": "en:qatar",
    "label": "Qatar",
    "languageCode": "en",
    "countryCode": "QA"
  },
  {
    "id": "en:republic-of-the-congo",
    "label": "Republic of the Congo",
    "languageCode": "en",
    "countryCode": "CG"
  },
  {
    "id": "en:republika-srpska",
    "label": "Republika Srpska",
    "languageCode": "en"
  },
  {
    "id": "en:reunion",
    "label": "Réunion",
    "languageCode": "en",
    "countryCode": "RE"
  },
  {
    "id": "en:romania",
    "label": "Romania",
    "languageCode": "en",
    "countryCode": "RO"
  },
  {
    "id": "en:russia",
    "label": "Russia",
    "languageCode": "en",
    "countryCode": "RU"
  },
  {
    "id": "en:rwanda",
    "label": "Rwanda",
    "languageCode": "en",
    "countryCode": "RW"
  },
  {
    "id": "en:saba",
    "label": "Saba",
    "languageCode": "en"
  },
  {
    "id": "en:saint-helena",
    "label": "Saint Helena",
    "languageCode": "en",
    "countryCode": "SH"
  },
  {
    "id": "en:saint-kitts-and-nevis",
    "label": "Saint Kitts and Nevis",
    "languageCode": "en",
    "countryCode": "KN"
  },
  {
    "id": "en:saint-lucia",
    "label": "Saint Lucia",
    "languageCode": "en",
    "countryCode": "LC"
  },
  {
    "id": "en:saint-martin",
    "label": "Saint Martin",
    "languageCode": "en",
    "countryCode": "MF"
  },
  {
    "id": "en:saint-pierre-and-miquelon",
    "label": "Saint Pierre and Miquelon",
    "languageCode": "en",
    "countryCode": "PM"
  },
  {
    "id": "en:saint-vincent-and-the-grenadines",
    "label": "Saint Vincent and the Grenadines",
    "languageCode": "en",
    "countryCode": "VC"
  },
  {
    "id": "en:saint-barthelemy",
    "label": "Saint-Barthélemy",
    "languageCode": "en",
    "countryCode": "BL"
  },
  {
    "id": "en:samoa",
    "label": "Samoa",
    "languageCode": "en",
    "countryCode": "WS"
  },
  {
    "id": "en:san-marino",
    "label": "San Marino",
    "languageCode": "en",
    "countryCode": "SM"
  },
  {
    "id": "en:sao-tome-and-principe",
    "label": "Sao Tomé and Príncipe",
    "languageCode": "en",
    "countryCode": "ST"
  },
  {
    "id": "en:saudi-arabia",
    "label": "Saudi Arabia",
    "languageCode": "en",
    "countryCode": "SA"
  },
  {
    "id": "en:senegal",
    "label": "Senegal",
    "languageCode": "en",
    "countryCode": "SN"
  },
  {
    "id": "en:serbia",
    "label": "Serbia",
    "languageCode": "en",
    "countryCode": "RS"
  },
  {
    "id": "en:seychelles",
    "label": "Seychelles",
    "languageCode": "en",
    "countryCode": "SC"
  },
  {
    "id": "en:sierra-leone",
    "label": "Sierra Leone",
    "languageCode": "en",
    "countryCode": "SL"
  },
  {
    "id": "en:singapore",
    "label": "Singapore",
    "languageCode": "en",
    "countryCode": "SG"
  },
  {
    "id": "en:sint-eustatius",
    "label": "Sint Eustatius",
    "languageCode": "en"
  },
  {
    "id": "en:sint-maarten",
    "label": "Sint Maarten",
    "languageCode": "en",
    "countryCode": "SX"
  },
  {
    "id": "en:slovakia",
    "label": "Slovakia",
    "languageCode": "en",
    "countryCode": "SK"
  },
  {
    "id": "en:slovenia",
    "label": "Slovenia",
    "languageCode": "en",
    "countryCode": "SI"
  },
  {
    "id": "en:solomon-islands",
    "label": "Solomon Islands",
    "languageCode": "en",
    "countryCode": "SB"
  },
  {
    "id": "en:somalia",
    "label": "Somalia",
    "languageCode": "en",
    "countryCode": "SO"
  },
  {
    "id": "en:south-africa",
    "label": "South Africa",
    "languageCode": "en",
    "countryCode": "ZA"
  },
  {
    "id": "en:south-georgia-and-the-south-sandwich-islands",
    "label": "South Georgia and the South Sandwich Islands",
    "languageCode": "en",
    "countryCode": "GS"
  },
  {
    "id": "en:south-korea",
    "label": "South Korea",
    "languageCode": "en",
    "countryCode": "KR"
  },
  {
    "id": "en:south-sudan",
    "label": "South Sudan",
    "languageCode": "en",
    "countryCode": "SS"
  },
  {
    "id": "en:soviet-union",
    "label": "Soviet Union",
    "languageCode": "en"
  },
  {
    "id": "en:spain",
    "label": "Spain",
    "languageCode": "en",
    "countryCode": "ES"
  },
  {
    "id": "en:sri-lanka",
    "label": "Sri Lanka",
    "languageCode": "en",
    "countryCode": "LK"
  },
  {
    "id": "en:state-of-palestine",
    "label": "State of Palestine",
    "languageCode": "en",
    "countryCode": "PS"
  },
  {
    "id": "en:sudan",
    "label": "Sudan",
    "languageCode": "en",
    "countryCode": "SD"
  },
  {
    "id": "en:suriname",
    "label": "Suriname",
    "languageCode": "en",
    "countryCode": "SR"
  },
  {
    "id": "en:svalbard-and-jan-mayen",
    "label": "Svalbard and Jan Mayen",
    "languageCode": "en",
    "countryCode": "SJ"
  },
  {
    "id": "en:swaziland",
    "label": "Swaziland",
    "languageCode": "en",
    "countryCode": "SZ"
  },
  {
    "id": "en:sweden",
    "label": "Sweden",
    "languageCode": "en",
    "countryCode": "SE"
  },
  {
    "id": "en:switzerland",
    "label": "Switzerland",
    "languageCode": "en",
    "countryCode": "CH"
  },
  {
    "id": "en:syria",
    "label": "Syria",
    "languageCode": "en",
    "countryCode": "SY"
  },
  {
    "id": "en:taiwan",
    "label": "Taiwan",
    "languageCode": "en",
    "countryCode": "TW"
  },
  {
    "id": "en:tajikistan",
    "label": "Tajikistan",
    "languageCode": "en",
    "countryCode": "TJ"
  },
  {
    "id": "en:tanzania",
    "label": "Tanzania",
    "languageCode": "en",
    "countryCode": "TZ"
  },
  {
    "id": "en:thailand",
    "label": "Thailand",
    "languageCode": "en",
    "countryCode": "TH"
  },
  {
    "id": "en:the-bahamas",
    "label": "The Bahamas",
    "languageCode": "en",
    "countryCode": "BS"
  },
  {
    "id": "en:timor-leste",
    "label": "Timor-Leste",
    "languageCode": "en",
    "countryCode": "TL"
  },
  {
    "id": "en:togo",
    "label": "Togo",
    "languageCode": "en",
    "countryCode": "TG"
  },
  {
    "id": "en:tokelau",
    "label": "Tokelau",
    "languageCode": "en",
    "countryCode": "TK"
  },
  {
    "id": "en:tonga",
    "label": "Tonga",
    "languageCode": "en",
    "countryCode": "TO"
  },
  {
    "id": "en:trinidad-and-tobago",
    "label": "Trinidad and Tobago",
    "languageCode": "en",
    "countryCode": "TT"
  },
  {
    "id": "en:tunisia",
    "label": "Tunisia",
    "languageCode": "en",
    "countryCode": "TN"
  },
  {
    "id": "en:turkey",
    "label": "Turkey",
    "languageCode": "en",
    "countryCode": "TR"
  },
  {
    "id": "en:turkmenistan",
    "label": "Turkmenistan",
    "languageCode": "en",
    "countryCode": "TM"
  },
  {
    "id": "en:turks-and-caicos-islands",
    "label": "Turks and Caicos Islands",
    "languageCode": "en",
    "countryCode": "TC"
  },
  {
    "id": "en:tuvalu",
    "label": "Tuvalu",
    "languageCode": "en",
    "countryCode": "TV"
  },
  {
    "id": "en:uganda",
    "label": "Uganda",
    "languageCode": "en",
    "countryCode": "UG"
  },
  {
    "id": "en:ukraine",
    "label": "Ukraine",
    "languageCode": "en",
    "countryCode": "UA"
  },
  {
    "id": "en:united-arab-emirates",
    "label": "United Arab Emirates",
    "languageCode": "en",
    "countryCode": "AE"
  },
  {
    "id": "en:united-kingdom",
    "label": "United Kingdom",
    "languageCode": "en",
    "countryCode": "UK"
  },
  {
    "id": "en:united-states",
    "label": "United States",
    "languageCode": "en",
    "countryCode": "US"
  },
  {
    "id": "en:united-states-minor-outlying-islands",
    "label": "United States Minor Outlying Islands",
    "languageCode": "en",
    "countryCode": "UM"
  },
  {
    "id": "en:uruguay",
    "label": "Uruguay",
    "languageCode": "en",
    "countryCode": "UY"
  },
  {
    "id": "en:uzbekistan",
    "label": "Uzbekistan",
    "languageCode": "en",
    "countryCode": "UZ"
  },
  {
    "id": "en:vanuatu",
    "label": "Vanuatu",
    "languageCode": "en",
    "countryCode": "VU"
  },
  {
    "id": "en:vatican-city",
    "label": "Vatican City",
    "languageCode": "en",
    "countryCode": "VA"
  },
  {
    "id": "en:venezuela",
    "label": "Venezuela",
    "languageCode": "en",
    "countryCode": "VE"
  },
  {
    "id": "en:vietnam",
    "label": "Vietnam",
    "languageCode": "en",
    "countryCode": "VN"
  },
  {
    "id": "en:virgin-islands-of-the-united-states",
    "label": "Virgin Islands of the United States",
    "languageCode": "en",
    "countryCode": "VI"
  },
  {
    "id": "en:wallis-and-futuna",
    "label": "Wallis and Futuna",
    "languageCode": "en",
    "countryCode": "WF"
  },
  {
    "id": "en:western-sahara",
    "label": "Western Sahara",
    "languageCode": "en",
    "countryCode": "EH"
  },
  {
    "id": "en:world",
    "label": "World",
    "languageCode": "en",
    "countryCode": "world"
  },
  {
    "id": "en:yemen",
    "label": "Yemen",
    "languageCode": "en",
    "countryCode": "YE"
  },
  {
    "id": "en:yugoslavia",
    "label": "Yugoslavia",
    "languageCode": "en",
    "countryCode": "YU"
  },
  {
    "id": "en:zambia",
    "label": "Zambia",
    "languageCode": "en",
    "countryCode": "ZM"
  },
  {
    "id": "en:zimbabwe",
    "label": "Zimbabwe",
    "languageCode": "en",
    "countryCode": "ZW"
  }
]
